0.GlossaryDownloaded,0.MissionsCompleted,0.MissionsPlayed,0.SessionTimeSpent,0.StorySkiped,0.helpScreenviewed,0.highScore,0.starTotal,1.Mission1Stage,1.Mission2Stage,1.Mission3Stage,1.Mission4Stage,appData.CaseDetails,appData.CorrectRelease,appData.CurrentLevel,appData.CurrentMission,appData.GlossaryDownloaded,appData.HyperlinksClicked,appData.IncorrectRelease,appData.MissionsCompleted,appData.MissionsPlayed,appData.NumberOfClues,appData.NumberOfErrors,appData.ReplayUsedNumber,appData.SessionTimeSpent,appData.StagePlayed,appData.StorySkiped,appData.TimeSpentStage,appData.ToolsClicked,appData.event_type,appData.helpScreenviewed,appData.highScore,appData.scoreAchieved,appData.starEarned,appData.starTotal,appData.statusCompleted,appData.statusConpleted,appName,buddyIds,createdAt,event_type,language,sessionId,userId
,,,,,,,,,,,,"[u'fig001', [u'fig019', u'fig031', u'fig030', u'fig048', u'fig001', u'fig015', None, None], [u'Does the culprit have more than 2 equal pairs of sides ?', u'Does the culprit have less than 2 parallel pairs of sides?', u'Does the culprit have at least 1 equal pairs of sides ?', u'Does the culprit have at least 1 equal angle(s)?', u'Does the culprit have at least 1 equal side?'], [u'Yes', u'Yes', u'Yes', u""I don't understand"", u""I don't understand""]]","[{""clue"":4,""fig"":[""fig031""]},{""clue"":5,""fig"":[""fig030""]}]",,Mission 2,,[],[],,,,,0.0,,1.0,,423785:48:39,[],,,,40.0,0.0,,,failed,policesquad,1260873,2018-5-6 23:18:39,stage_end,en,i3smdy20pjkj54bwpobk9cokmctvso3s,1260001
,,,,,,,,,,,,"[u'exactly4equalpairsofsides', [u'fig012', u'fig042', u'fig056', u'fig037', None, None, None, None], [u'The culprit has more than 3 equal pairs of sides ', u'The culprit has atleast 5 straight sides'], [u'Incorrect', u'Correct']]","[{""clue"":1,""fig"":[""fig012""]}]",,Mission 1,,"[""equal pairs of sides""]","[{""clue"":2,""fig"":[""fig042"",""fig056""]}]",,,,,0.0,,1.0,,0:3:51,"[""Equal Sides tool"",""Equal Sides tool"",""Parallel Lines tool"",""Equal Sides tool"",""Right Angle tool"",""Equal Sides tool""]",,,,30.0,0.0,,,failed,policesquad,,2018-5-7 11:41:41,stage_end,en,0yn1e8c9pxnlxm6dzpbfrivl36eefo4n,1260658
,,,,,,,,,,,,"[u'fig030', [u'fig015', u'fig024', u'fig030', u'fig052', u'fig020', u'fig048', None, None], [u'Does the culprit have at least 1 reflex angle(s)?', u'Does the culprit have exactly 4  straight sides?'], [u'Yes', u'No']]","[{""clue"":2,""fig"":[""fig030"",""fig048""]}]",,Mission 2,,"[""reflex angle""]","[{""clue"":1,""fig"":[""fig015"",""fig024"",""fig020""]}]",,,,,0.0,,1.0,,0:9:15,"[""right angle tool"",""Equal Sides marker tool""]",,,,200.0,0.0,,,failed,policesquad,,2018-5-7 11:50:57,stage_end,en,0yn1e8c9pxnlxm6dzpbfrivl36eefo4n,1260658
,,,,,,,,,,,,"[u'fig020', [u'fig015', u'fig024', u'fig048', u'fig030', u'fig020', u'fig052', None, None], [u'Does the culprit have at least 1 right angle(s)?', u'Does the culprit have at least 2 equal pairs of sides ?'], [u'Yes', u'No']]",[],,Mission 2,,"[""equal pairs of sides""]","[{""clue"":1,""fig"":[""fig024"",""fig048"",""fig030""]},{""clue"":2,""fig"":[""fig015"",""fig052""]}]",,,,,0.0,,1.0,,423799:5:6,"[""Equal Sides marker tool"",""right angle tool""]",,,,400.0,1.0,,,passed,policesquad,,2018-5-7 12:35:6,stage_end,en,khtzrutfwoor4inrbb1gii01kwjk2imh,1260658
,,,,,,,,,,,,"[u'fig007', [u'fig003', u'fig006', u'fig007', u'fig004', u'fig005', u'fig002', None, None], [u'Does the culprit have at least 1 right angle(s)?', u'Does the culprit have at least 1 equal pairs of sides ?', u'Does the culprit have exactly 1 right angle(s)?', u'Does the culprit have exactly 2 acute angle(s)?'], [u'No', u'No', u'No', u'Yes']]","[{""clue"":2,""fig"":[]},{""clue"":3,""fig"":[""fig004""]}]",,Mission 2,,[],"[{""clue"":1,""fig"":[""fig005"",""fig002""]},{""clue"":4,""fig"":[""fig003"",""fig006""]}]",,,,,0.0,,2.0,,0:5:37,"[""acute angle tool"",""right angle tool"",""Equal Sides marker tool"",""Equal Sides marker tool"",""right angle tool""]",,,,200.0,0.0,,,passed,policesquad,,2018-5-7 12:40:50,stage_end,en,khtzrutfwoor4inrbb1gii01kwjk2imh,1260658
,,,,,,,,,,,,"[u'fig024', [u'fig008', u'fig022', u'fig010', u'fig026', u'fig024', u'fig028', u'fig016', u'fig011'], [u'Does the culprit have exactly 3 acute angle(s)?', u'Does the culprit have at least 2 equal pairs of sides ?', u'Does the culprit have at least 1 right angle(s)?', u'Does the culprit have at least 2 equal pairs of sides ?'], [u'No', u'Yes', u'No', u'Yes']]",[],,Mission 2,,[],"[{""clue"":1,""fig"":[""fig022"",""fig010"",""fig016""]},{""clue"":2,""fig"":[""fig026"",""fig011""]},{""clue"":4,""fig"":[""fig008"",""fig028""]}]",,,,,0.0,,3.0,,0:9:47,"[""Equal Sides marker tool"",""right angle tool"",""Equal Sides marker tool"",""acute angle tool""]",,,,360.0,0.0,,,passed,policesquad,,2018-5-7 12:50:46,stage_end,en,khtzrutfwoor4inrbb1gii01kwjk2imh,1260658
,,,,,,,,,,,,"[u'exactly3emptysides', [u'fig033', u'fig068', u'fig022', u'fig027', None, None, None, None], [u'The culprit has less than 4 straight sides', u'The culprit has less than 2 equal pairs of sides ', u'The culprit has less than 5 straight sides'], [u'Incorrect', u'Incorrect', u'Incorrect']]",[],,Mission 1,,[],"[{""clue"":1,""fig"":[""fig022""]},{""clue"":2,""fig"":[""fig068""]},{""clue"":3,""fig"":[""fig027""]}]",,,,,0.0,,1.0,,0:0:18,[],,,,10.0,0.0,,,failed,policesquad,,2018-5-6 23:6:15,stage_end,en,21t8by6sa9u3cfv6bqhg37i7ojz9vn37,1
False,"[0, 0, 0, 0]","[0, 0, 0, 0]",25480093.0,False,"[0, 0, 0, 0]",0.0,0.0,1.0,1.0,1.0,1.0,,,,,,,,,,,,,,,,,,,,,,,,,,policesquad,,2018-6-12 17:42:10,,en,ue47sojhfzwpghjd9dqsrqg46h993yge,1
,,,,,,,,,,,,"[u'exactly4equalpairsofsides', [u'fig057', u'fig020', u'fig058', u'fig015', None, None, None, None], [u'The culprit has exactly 8 straight sides', u'The culprit has more than 6 straight sides'], [u'Correct', u'Correct']]","[{""clue"":1,""fig"":[""fig020"",""fig015""]},{""clue"":2,""fig"":[""fig058""]}]",,Mission 1,,[],[],,,,,0.0,,1.0,,0:4:43,"[""Equal Sides tool""]",,,,80.0,1.0,,,passed,policesquad,,2018-5-7 12:23:32,stage_end,en,kplei667vysuke6ts8fhzs45s3tbgvdi,1260083
,,,,,,,,,,,,"[u'no1rightangles', [u'fig069', u'fig020', u'fig065', u'fig035', None, None, None, None], [u'The culprit has less than 4 straight sides', u'The culprit has atleast 1 curved side', u'The culprit has less than 3 right angles'], [u'Correct', u'Correct', u'Correct']]","[{""clue"":1,""fig"":[""fig035""]},{""clue"":2,""fig"":[""fig020""]},{""clue"":3,""fig"":[""fig069""]}]",,Mission 1,,"[""right angles""]","[{""clue"":1,""fig"":[""fig065"",""fig069""]}]",,,,,2.0,,2.0,,0:1:19,"[""Right Angle tool"",""Equal Sides tool"",""Parallel Lines tool"",""Parallel Lines tool""]",,,,30.0,0.0,,,passed,policesquad,,2018-5-7 12:29:49,stage_end,en,kplei667vysuke6ts8fhzs45s3tbgvdi,1260083
,,,,,,,,,,,,"[u'exactly4rightangles', [u'fig068', u'fig059', u'fig052', u'fig054', None, None, None, None], [u'The culprit has less than 3 equal pairs of sides ', u'The culprit has atleast 4 straight sides', u'The culprit has atleast 1 right angle'], [u'Correct', u'Correct', u'Correct']]","[{""clue"":1,""fig"":[""fig068""]},{""clue"":1,""fig"":[""fig052""]},{""clue"":1,""fig"":[""fig052""]},{""clue"":2,""fig"":[""fig068""]},{""clue"":3,""fig"":[""fig054""]}]",,Mission 1,,"[""right angles""]","[{""clue"":2,""fig"":[""fig059"",""fig054""]},{""clue"":2,""fig"":[""fig054"",""fig068""]}]",,,,,4.0,,3.0,,0:0:27,[],,,,30.0,0.0,,,passed,policesquad,,2018-5-7 12:37:8,stage_end,en,kplei667vysuke6ts8fhzs45s3tbgvdi,1260083
,,,,,,,,,,,,"[u'no1obtuseangles', [u'fig069', u'fig057', u'fig030', u'fig015', u'fig029', u'fig042', None, None], [u'The culprit has atleast 1 right angle', u'The culprit has less than 2 obtuse angles'], [u'Correct', u'Correct']]","[{""clue"":1,""fig"":[""fig069""]},{""clue"":1,""fig"":[""fig069"",""fig057"",""fig029"",""fig042""]},{""clue"":2,""fig"":[""fig015""]}]",,Mission 1,,"[""right angle""]","[{""clue"":2,""fig"":[""fig030""]}]",,,,,5.0,,4.0,,0:2:21,"[""Right Angle tool"",""Parallel Lines tool"",""Equal Sides tool""]",,,,100.0,0.0,,,passed,policesquad,,2018-5-7 12:42:33,stage_end,en,kplei667vysuke6ts8fhzs45s3tbgvdi,1260083
,,,,,,,,,,,,"[u'fig007', [u'fig048', u'fig025', u'fig008', u'fig007', u'fig036', u'fig019', None, None], [u'Does the culprit have less than 4  straight sides?', u'Does the culprit have at least 1 parallel pairs of sides?', u'Does the culprit have at least 5  straight sides?'], [u'Yes', u'No', u'No']]",[],,Mission 2,,"[""straight sides""]","[{""clue"":1,""fig"":[""fig048"",""fig036""]},{""clue"":2,""fig"":[""fig025"",""fig019""]},{""clue"":3,""fig"":[""fig008""]}]",,,,,5.0,,1.0,,0:8:58,"[""Equal Sides marker tool"",""acute angle tool"",""acute angle tool"",""Parallel Lines tool"",""Protractor tool""]",,,,400.0,1.0,,,passed,policesquad,,2018-5-7 12:51:32,stage_end,en,kplei667vysuke6ts8fhzs45s3tbgvdi,1260083
,,,,,,,,,,,,"[u'fig028', [u'fig021', u'fig022', u'fig026', u'fig029', u'fig028', u'fig027', None, None], [u'Does the culprit have at least 3 obtuse angle(s)?', u'Does the culprit have at least 1 right angle(s)?', u'Does the culprit have at least 1 parallel pairs of sides?'], [u'No', u'No', u'No']]",[],,Mission 2,,"[""parallel""]","[{""clue"":1,""fig"":[""fig021"",""fig022"",""fig026""]},{""clue"":2,""fig"":[""fig029""]},{""clue"":3,""fig"":[""fig027""]}]",,,,,6.0,,2.0,,0:3:0,"[""Equal Sides marker tool"",""Equal Sides marker tool"",""obtuse angle tool"",""obtuse angle tool"",""right angle tool""]",,,,250.0,0.0,,,passed,policesquad,,2018-5-7 12:59:4,stage_end,en,kplei667vysuke6ts8fhzs45s3tbgvdi,1260083
,,,,,,,,,,,,"[u'fig026', [u'fig027', u'fig023', u'fig019', u'fig020', u'fig026', u'fig025', u'fig024', u'fig028'], [u'Does the culprit have all  equal side(s)?', u'Does the culprit have all  equal angle(s)?', u'Does the culprit have at least 2 parallel pairs of sides?'], [u'Yes', u'Yes', u'Yes']]",[],,Mission 2,,"[""parallel""]","[{""clue"":1,""fig"":[""fig027"",""fig019"",""fig020"",""fig028""]},{""clue"":2,""fig"":[""fig023"",""fig024""]},{""clue"":3,""fig"":[""fig025""]}]",,,,,6.0,,3.0,,0:9:40,"[""Equal Sides marker tool""]",,,,560.0,1.0,,,passed,policesquad,,2018-5-7 13:8:51,stage_end,en,kplei667vysuke6ts8fhzs45s3tbgvdi,1260083
,,,,,,,,,,,,"[u'exactly5emptysides', [u'fig022', u'fig059', u'fig032', u'fig025', None, None, None, None], [u'The culprit has more than 4 straight sides', u'The culprit has exactly 2 equal pairs of sides '], [u'Correct', u'Correct']]","[{""clue"":1,""fig"":[""fig022""]},{""clue"":1,""fig"":[""fig022""]},{""clue"":2,""fig"":[""fig059"",""fig025""]}]",,Mission 1,,"[""equal pairs of sides""]","[{""clue"":2,""fig"":[""fig032""]}]",,,,,1.0,,1.0,,0:1:31,"[""Equal Sides tool"",""Equal Sides tool"",""Equal Sides tool""]",,,,30.0,0.0,,,passed,policesquad,,2018-5-7 13:55:32,stage_end,en,jod4zloywtzsc6cfnbbrrowzwjfk77v0,1260083
,,,,,,,,,,,,"[u'no1equalpairsofsides', [u'fig059', u'fig032', u'fig041', u'fig042', None, None, None, None], [u'The culprit has exactly 3 right angles', u'The culprit has less than 4 right angles'], [u'Correct', u'Correct']]","[{""clue"":1,""fig"":[""fig059""]},{""clue"":1,""fig"":[""fig059""]},{""clue"":2,""fig"":[""fig032"",""fig042""]}]",,Mission 1,,[],"[{""clue"":2,""fig"":[""fig041""]}]",,,,,2.0,,2.0,,0:0:45,"[""Equal Sides tool""]",,,,30.0,0.0,,,passed,policesquad,,2018-5-7 14:2:57,stage_end,en,jod4zloywtzsc6cfnbbrrowzwjfk77v0,1260083
,,,,,,,,,,,,"[u'exactly3rightangles', [u'fig044', u'fig046', u'fig047', u'fig006', None, None, None, None], [u'The culprit has exactly 3 right angles', u'The culprit has atleast 6 straight sides', u'The culprit has atleast 1 right angle'], [u'Incorrect', u'Correct', u'Correct']]","[{""clue"":1,""fig"":[""fig006""]},{""clue"":1,""fig"":[""fig044""]},{""clue"":2,""fig"":[""fig006""]}]",,Mission 1,,[],"[{""clue"":2,""fig"":[""fig046"",""fig047""]},{""clue"":3,""fig"":[""fig047""]}]",,,,,3.0,,3.0,,0:2:19,"[""Parallel Lines tool"",""Right Angle tool""]",,,,20.0,0.0,,,failed,policesquad,,2018-5-7 14:10:38,stage_end,en,jod4zloywtzsc6cfnbbrrowzwjfk77v0,1260083
,,,,,,,,,,,,"[u'fig048', [u'fig025', u'fig048', u'fig036', u'fig019', u'fig008', u'fig007', None, None], [u'Does the culprit have more than 5  straight sides?', u'Does the culprit have more than 4  straight sides?', u'Does the culprit have at least 3 equal side(s)?', u'Does the culprit have exactly 4  straight sides?'], [u'Yes', u'Yes', u'Yes', u'No']]","[{""clue"":1,""fig"":[""fig025"",""fig019""]}]",,Mission 2,,[],"[{""clue"":2,""fig"":[""fig008"",""fig007""]},{""clue"":4,""fig"":[""fig036""]}]",,,,,3.0,,1.0,,0:8:21,[],,,,160.0,0.0,,,passed,policesquad,,2018-5-7 14:18:59,stage_end,en,jod4zloywtzsc6cfnbbrrowzwjfk77v0,1260083
,,,,,,,,,,,,"[u'fig007', [u'fig007', u'fig005', u'fig004', u'fig006', u'fig003', u'fig002', None, None], [u'Does the culprit have at least 1 equal pairs of sides ?', u'Does the culprit have at least 1 obtuse angle(s)?', u'Does the culprit have at least 1 equal pairs of sides ?', u'Does the culprit have at least 1 right angle(s)?', u'Does the culprit have at least 3  straight sides?'], [u'No', u'Yes', u'No', u'No', u'Yes']]","[{""clue"":3,""fig"":[""fig002""]}]",,Mission 2,,[],"[{""clue"":2,""fig"":[""fig006"",""fig003""]},{""clue"":4,""fig"":[""fig005""]},{""clue"":5,""fig"":[""fig004""]}]",,,,,3.0,,2.0,,0:13:32,[],,,,200.0,0.0,,,passed,policesquad,,2018-5-7 14:32:58,stage_end,en,jod4zloywtzsc6cfnbbrrowzwjfk77v0,1260083
,,,,,,,,,,,,"[u'fig024', [u'fig024', u'fig022', u'fig011', u'fig008', u'fig028', u'fig016', u'fig010', u'fig026'], [u'Does the culprit have at least 1 right angle(s)?', u'Does the culprit have at least 1 equal pairs of sides ?', u'Does the culprit have at least 1 right angle(s)?', u'Does the culprit have at least 1 reflex angle(s)?'], [u'No', u'Yes', u'No', u'No']]","[{""clue"":2,""fig"":[""fig024"",""fig026""]}]",,Mission 2,,[],"[{""clue"":1,""fig"":[""fig011"",""fig008"",""fig010""]},{""clue"":3,""fig"":[""fig022""]},{""clue"":4,""fig"":[""fig016""]}]",,,,,3.0,,3.0,,0:42:3,"[""right angle tool"",""Equal Sides marker tool""]",,,,360.0,0.0,,,failed,policesquad,,2018-5-7 15:15:9,stage_end,en,jod4zloywtzsc6cfnbbrrowzwjfk77v0,1260083
,,,,,,,,,,,,"[u'exactly2rightangles', [u'fig017', u'fig056', u'fig057', u'fig019', None, None, None, None], [u'The culprit has more than 2 equal pairs of sides ', u'The culprit has atleast 6 straight sides'], [u'Correct', u'Incorrect']]","[{""clue"":2,""fig"":[""fig017""]}]",,Mission 1,,[],"[{""clue"":1,""fig"":[""fig028"",""fig027"",""fig020"",""fig019""]},{""clue"":2,""fig"":[""fig023"",""fig024""]},{""clue"":1,""fig"":[""fig056"",""fig019""]}]",,,,,3.0,,3.0,,0:3:0,[],,,,30.0,0.0,,,failed,policesquad,,2018-5-7 17:2:1,stage_end,en,jod4zloywtzsc6cfnbbrrowzwjfk77v0,1260083
,,,,,,,,,,,,"[u'exactly2rightangles', [u'fig034', u'fig051', u'fig025', u'fig019', None, None, None, None], [u'The culprit has exactly 2 right angles', u'The culprit has less than 4 right angles'], [u'Correct', u'Incorrect']]","[{""clue"":2,""fig"":[""fig034""]}]",,Mission 1,,[],"[{""clue"":1,""fig"":[""fig025"",""fig019""]}]",,,,,3.0,,3.0,,0:19:12,[],,,,30.0,0.0,,,passed,policesquad,,2018-5-7 17:21:14,stage_end,en,jod4zloywtzsc6cfnbbrrowzwjfk77v0,1260083
,,,,,,,,,,,,"[u'all1obtuseangles', [u'fig071', u'fig056', u'fig041', u'fig003', u'fig070', u'fig015', None, None], [u'The culprit has less than 3 equal pairs of sides ', u'The culprit has less than 6 straight sides', u'The culprit has atleast 1 obtuse angle', u'The culprit has less than 3 right angles'], [u'Correct', u'Incorrect', u'Correct', u'Incorrect']]","[{""clue"":2,""fig"":[""fig003"",""fig070""]},{""clue"":4,""fig"":[""fig056""]}]",,Mission 1,,[],"[{""clue"":1,""fig"":[""fig015""]},{""clue"":3,""fig"":[""fig071""]}]",,,,,3.0,,4.0,,0:1:42,[],,,,80.0,0.0,,,failed,policesquad,,2018-5-7 17:31:51,stage_end,en,jod4zloywtzsc6cfnbbrrowzwjfk77v0,1260083
,,,,,,,,,,,,"[u'fig031', [u'fig030', u'fig031', u'fig015', u'fig019', u'fig048', u'fig001', None, None], [u'Does the culprit have at least 1 parallel pairs of sides?', u'Does the culprit have exactly 5  straight sides?', u'Does the culprit have at least 5  straight sides?'], [u'No', u'Yes', u'Yes']]","[{""clue"":1,""fig"":[""fig015"",""fig019"",""fig048""]},{""clue"":3,""fig"":[""fig031""]}]",,Mission 2,,[],"[{""clue"":2,""fig"":[""fig001""]}]",,,,,0.0,,1.0,,423804:16:9,[],,,,160.0,0.0,,,failed,policesquad,,2018-5-7 17:46:9,stage_end,en,84r8e7ytccjsrtpk495yc9eytqk07b9s,1260083
,,,,,,,,,,,,"[u'fig001', [u'fig001', u'fig030', u'fig019', u'fig015', u'fig048', u'fig031', None, None], [u'Does the culprit have exactly 2 acute angle(s)?', u'Does the culprit have at least 5  angle(s)?'], [u'No', u'No']]","[{""clue"":1,""fig"":[""fig030"",""fig048"",""fig031""]},{""clue"":2,""fig"":[""fig019"",""fig015""]}]",,Mission 2,False,[],[],"[0, 0, 0, 0]","[0, 1, 0, 0]",,,0.0,,1.0,True,423880:18:31,[],,,400.0,400.0,1.0,2.0,,passed,policesquad,,2018-5-10 21:48:31,stage_end,en,k8vu0h5xskab181mtx4jdyfqj59tjpof,1260083
,,,,,,,,,,,,"[u'fig022', [u'fig027', u'fig026', u'fig029', u'fig021', u'fig022', u'fig028', None, None], [u'Does the culprit have at least 2 right angle(s)?', u'Does the culprit have at least 2 equal pairs of sides ?'], [u'No', u'No']]","[{""clue"":2,""fig"":[""fig026"",""fig021""]}]",,Mission 2,False,"[""right angle""]","[{""clue"":1,""fig"":[""fig027"",""fig029"",""fig028""]}]","[0, 0, 0, 0]","[0, 1, 0, 0]",,,0.0,,2.0,True,0:5:59,"[""Equal Sides marker tool"",""Equal Sides marker tool"",""Parallel Lines tool""]",,,400.0,250.0,0.0,2.0,,passed,policesquad,,2018-5-10 21:54:37,stage_end,en,k8vu0h5xskab181mtx4jdyfqj59tjpof,1260083
,,,,,,,,,,,,"[u'fig024', [u'fig019', u'fig020', u'fig024', u'fig026', u'fig027', u'fig028', u'fig025', u'fig023'], [u'Does the culprit have all  equal side(s)?', u'Does the culprit have exactly 1 parallel pairs of sides?', u'Does the culprit have less than 1 right angle(s)?', u'Does the culprit have at least 1 parallel pairs of sides?'], [u'Yes', u'No', u'Yes', u'Yes']]","[{""clue"":1,""fig"":[""fig027"",""fig028""]},{""clue"":2,""fig"":[""fig020"",""fig026"",""fig025""]},{""clue"":3,""fig"":[""fig019""]},{""clue"":4,""fig"":[""fig023""]}]",,Mission 2,False,[],[],"[0, 0, 0, 0]","[0, 1, 0, 0]",,,0.0,,3.0,True,0:10:42,"[""right angle tool"",""acute angle tool"",""acute angle tool"",""Protractor tool""]",,,560.0,560.0,1.0,4.0,,passed,policesquad,,2018-5-10 22:5:30,stage_end,en,k8vu0h5xskab181mtx4jdyfqj59tjpof,1260083
,,,,,,,,,,,,"[u'fig019', [u'fig019', u'fig036', u'fig008', u'fig007', u'fig048', u'fig025', None, None], [u'Does the culprit have at least 1 reflex angle(s)?', u'Does the culprit have at least 1 equal pairs of sides ?', u'Does the culprit have at least 2 acute angle(s)?'], [u'No', u'Yes', u'Yes']]","[{""clue"":1,""fig"":[""fig036"",""fig048"",""fig025""]},{""clue"":2,""fig"":[""fig007""]},{""clue"":3,""fig"":[""fig008""]}]",,Mission 2,False,[],[],"[0, 0, 0, 0]","[0, 1, 0, 0]",,,1.0,,1.0,True,0:2:18,"[""acute angle tool"",""acute angle tool"",""Parallel Lines tool"",""Equal Sides marker tool""]",,,200.0,200.0,0.0,0.0,,passed,policesquad,,2018-5-10 22:18:9,stage_end,en,ks9xoq3vqfr2ci312e4ny9v9wr0wjg7b,1260083
,,,,,,,,,,,,"[u'fig021', [u'fig027', u'fig026', u'fig021', u'fig029', u'fig028', u'fig022', None, None], [u'Does the culprit have exactly 1 right angle(s)?', u'Does the culprit have all  equal angle(s)?', u'Does the culprit have at least 1 parallel pairs of sides?'], [u'No', u'No', u'Yes']]","[{""clue"":2,""fig"":[""fig026""]},{""clue"":3,""fig"":[""fig029""]}]",,Mission 2,False,[],"[{""clue"":1,""fig"":[""fig027"",""fig021"",""fig028""]}]","[0, 0, 0, 0]","[0, 1, 0, 0]",,,1.0,,2.0,True,0:7:55,"[""right angle tool""]",,,250.0,250.0,0.0,0.0,,failed,policesquad,,2018-5-10 22:26:28,stage_end,en,ks9xoq3vqfr2ci312e4ny9v9wr0wjg7b,1260083
,,,,,,,,,,,,"[u'No curved sides yes', [u'fig060', u'fig053', u'fig044', u'fig030', u'fig064', u'fig069', u'fig068', u'fig065', u'fig037'], [u'Send agent having no  curved side(s)?'], [u'']]",[],,Mission 3,False,[],[],"[0, 0, 0, 0]","[0, 0, 1, 0]",,,0.0,,1.0,True,0:1:12,[],,,710.0,710.0,1.0,3.0,,passed,policesquad,,2018-5-10 22:37:17,stage_end,en,nu0vrq5lqq7zrzv4fpyb1uakh86jowsk,1260083
,,,,,,,,,,,,"[u'Exactly n sides (3>= n <= 6). n equals 6', [u'fig051', u'fig046', u'fig044', u'fig048', u'fig059', u'fig061', u'fig032', u'fig062', u'fig057'], [u'Send agent having at least 6  straight sides?'], [u'']]",[],,Mission 3,False,[],[],"[0, 0, 0, 0]","[0, 0, 1, 0]",,,0.0,,2.0,True,0:4:28,[],,,710.0,710.0,1.0,6.0,,passed,policesquad,,2018-5-10 22:41:46,stage_end,en,nu0vrq5lqq7zrzv4fpyb1uakh86jowsk,1260083
,,,,,,,,,,,,"[u'All sides equal', [u'fig053', u'fig061', u'fig036', u'fig026', u'fig052', u'fig016', u'fig014', u'fig033', u'fig024'], [u'Send agent having all  equal side(s)?'], [u'']]",[],,Mission 3,False,[],[],"[0, 0, 0, 0]","[0, 0, 1, 0]",,,0.0,,3.0,True,0:0:17,[],,,740.0,740.0,1.0,9.0,,passed,policesquad,,2018-5-10 22:42:9,stage_end,en,nu0vrq5lqq7zrzv4fpyb1uakh86jowsk,1260083
,,,,,,,,,,,,"[u'Exactly 2 pair of sides parallel', [u'fig038', u'fig020', u'fig068', u'fig069', u'fig036', u'fig063', u'fig051', u'fig025', u'fig042'], [u'Send agent having exactly 1 parallel pairs of sides?', u'Send agent having at least 1 curved side(s)?'], [u'', u'Allowed']]",[],,Mission 3,False,[],[],"[0, 0, 0, 0]","[0, 0, 1, 0]",,,0.0,,4.0,True,0:2:1,[],,,740.0,240.0,0.0,9.0,,passed,policesquad,,2018-5-10 22:44:11,stage_end,en,nu0vrq5lqq7zrzv4fpyb1uakh86jowsk,1260083
,,,,,,,,,,,,"[u'At least 1 right angle', [u'fig059', u'fig025', u'fig033', u'fig054', u'fig004', u'fig043', u'fig058', u'fig019', u'fig029'], [u'Send agent having at least 1 right angle(s)?'], [u'']]",[],,Mission 3,False,[],[],"[0, 0, 0, 0]","[0, 0, 1, 0]",,,0.0,,5.0,True,0:4:18,[],,,860.0,860.0,1.0,12.0,,passed,policesquad,,2018-5-10 22:48:36,stage_end,en,nu0vrq5lqq7zrzv4fpyb1uakh86jowsk,1260083
,,,,,,,,,,,,"[u'exactly4emptysides', [u'fig071', u'fig046', u'fig025', u'fig056', None, None, None, None], [u'The culprit has less than 6 straight sides', u'The culprit has less than 3 equal pairs of sides ', u'The culprit has no curved sides'], [u'Correct', u'Correct', u'Correct']]","[{""clue"":1,""fig"":[""fig071""]},{""clue"":2,""fig"":[""fig056""]},{""clue"":3,""fig"":[""fig046""]}]",,Mission 1,False,[],[],"[0, 0, 1, 0]","[1, 0, 1, 0]",,,2.0,,1.0,True,0:1:58,"[""Equal Sides tool""]",,,860.0,80.0,1.0,13.0,,passed,policesquad,,2018-5-10 22:54:37,stage_end,en,nu0vrq5lqq7zrzv4fpyb1uakh86jowsk,1260083
,,,,,,,,,,,,"[u'fig024', [u'fig020', u'fig030', u'fig052', u'fig048', u'fig024', u'fig015', None, None], [u'Does the culprit have at least 2 equal pairs of sides ?', u'Does the culprit have at least 2 right angle(s)?', u'Does the culprit have at least 5  straight sides?'], [u'Yes', u'No', u'No']]","[{""clue"":1,""fig"":[""fig030"",""fig052"",""fig048""]},{""clue"":2,""fig"":[""fig020""]},{""clue"":3,""fig"":[""fig015""]}]",,Mission 2,False,[],[],"[0, 0, 1, 0]","[1, 1, 1, 0]",,,2.0,,1.0,True,0:6:16,"[""Equal Sides marker tool"",""Equal Sides marker tool"",""right angle tool"",""right angle tool"",""right angle tool"",""right angle tool"",""acute angle tool"",""obtuse angle tool"",""reflex angle tool"",""Parallel Lines tool""]",,,860.0,400.0,1.0,15.0,,passed,policesquad,,2018-5-10 23:0:54,stage_end,en,nu0vrq5lqq7zrzv4fpyb1uakh86jowsk,1260083
,,,,,,,,,,,,"[u'fig027', [u'fig029', u'fig026', u'fig028', u'fig027', u'fig021', u'fig022', None, None], [u'Does the culprit have at least 3 obtuse angle(s)?', u'Does the culprit have at least 1 right angle(s)?', u'Does the culprit have at least 1 parallel pairs of sides?'], [u'Yes', u'No', u'No']]","[{""clue"":1,""fig"":[""fig026"",""fig021"",""fig022""]},{""clue"":2,""fig"":[""fig029""]},{""clue"":3,""fig"":[""fig028""]}]",,Mission 2,False,[],[],"[0, 0, 1, 0]","[1, 1, 1, 0]",,,2.0,,2.0,True,0:1:38,"[""right angle tool""]",,,860.0,450.0,1.0,17.0,,passed,policesquad,,2018-5-10 23:2:39,stage_end,en,nu0vrq5lqq7zrzv4fpyb1uakh86jowsk,1260083
,,,,,,,,,,,,"[u'fig027', [u'fig026', u'fig025', u'fig028', u'fig024', u'fig027', u'fig019', u'fig023', u'fig020'], [u'Does the culprit have at least 3 obtuse angle(s)?', u'Does the culprit have at least 1 parallel pairs of sides?', u'Does the culprit have at least 2 parallel pairs of sides?'], [u'Yes', u'No', u'No']]","[{""clue"":1,""fig"":[""fig026"",""fig025"",""fig024"",""fig023""]},{""clue"":3,""fig"":[""fig028"",""fig020""]}]",,Mission 2,False,[],"[{""clue"":2,""fig"":[""fig019""]}]","[0, 0, 1, 0]","[1, 1, 1, 0]",,,2.0,,3.0,True,0:1:24,[],,,860.0,360.0,0.0,17.0,,passed,policesquad,,2018-5-10 23:4:10,stage_end,en,nu0vrq5lqq7zrzv4fpyb1uakh86jowsk,1260083
,,,,,,,,,,,,"[u'all1equalsides', [u'fig047', u'fig048', u'fig002', u'fig013', None, None, None, None], [u'The culprit has no right angle', u'The culprit has less than 2 right angles', u'The culprit has more than 3 straight sides'], [u'Correct', u'Correct', u'Correct']]","[{""clue"":1,""fig"":[""fig002""]},{""clue"":2,""fig"":[""fig047""]},{""clue"":3,""fig"":[""fig013""]}]",,Mission 1,False,[],[],"[0, 1, 1, 0]","[1, 1, 1, 0]",,,2.0,,2.0,True,0:2:18,"[""Equal Sides tool""]",,,860.0,80.0,1.0,18.0,,passed,policesquad,,2018-5-10 23:6:38,stage_end,en,nu0vrq5lqq7zrzv4fpyb1uakh86jowsk,1260083
,,,,,,,,,,,,"[u'exactly4rightangles', [u'fig035', u'fig015', u'fig026', u'fig068', None, None, None, None], [u'The culprit has less than 5 straight sides', u'The culprit has more than 1 right angle', u'The culprit has more than 3 straight sides'], [u'Correct', u'Correct', u'Correct']]","[{""clue"":1,""fig"":[""fig068""]},{""clue"":2,""fig"":[""fig015""]},{""clue"":3,""fig"":[""fig035""]}]",,Mission 1,False,[],[],"[0, 1, 1, 0]","[1, 1, 1, 0]",,,2.0,,3.0,True,0:1:22,[],,,860.0,80.0,1.0,19.0,,passed,policesquad,,2018-5-10 23:8:1,stage_end,en,nu0vrq5lqq7zrzv4fpyb1uakh86jowsk,1260083
,,,,,,,,,,,,"[u'exactly2obtuseangles', [u'fig060', u'fig039', u'fig030', u'fig013', u'fig028', u'fig011', None, None], [u'The culprit has exactly 2 obtuse angles', u'The culprit has atleast 1 obtuse angle', u'The culprit has exactly 2 equal pairs of sides ', u'The culprit has less than 3 obtuse angles', u'The culprit has less than 2 right angles'], [u'Correct', u'Correct', u'Correct', u'Correct', u'Correct']]","[{""clue"":1,""fig"":[""fig030""]},{""clue"":2,""fig"":[""fig039""]},{""clue"":3,""fig"":[""fig013""]},{""clue"":4,""fig"":[""fig011""]},{""clue"":5,""fig"":[""fig028""]}]",,Mission 1,False,[],[],"[0, 1, 1, 0]","[1, 1, 1, 0]",,,2.0,,4.0,True,0:0:54,[],,,860.0,200.0,1.0,20.0,,passed,policesquad,,2018-5-10 23:9:1,stage_end,en,nu0vrq5lqq7zrzv4fpyb1uakh86jowsk,1260083
,,,,,,,,,,,,"[u'exactly3acuteangles', [u'fig043', u'fig046', u'fig030', u'fig035', u'fig045', u'fig054', None, None], [u'The culprit has exactly 3 equal pairs of sides ', u'The culprit has more than 5 straight sides', u'The culprit has more than 1 acute angle', u'The culprit has atleast 2 right angles'], [u'Correct', u'Correct', u'Correct', u'Correct']]","[{""clue"":1,""fig"":[""fig043""]},{""clue"":2,""fig"":[""fig046"",""fig035""]},{""clue"":3,""fig"":[""fig030""]},{""clue"":4,""fig"":[""fig045""]}]",,Mission 1,False,[],[],"[0, 1, 1, 0]","[1, 1, 1, 0]",,,2.0,,5.0,True,0:0:41,[],,,860.0,200.0,1.0,21.0,,passed,policesquad,,2018-5-10 23:9:43,stage_end,en,nu0vrq5lqq7zrzv4fpyb1uakh86jowsk,1260083
,,,,,,,,,,,,"[u'exactly5reflexangles', [u'fig055', u'fig037', u'fig011', u'fig058', u'fig068', u'fig060', None, None], [u'The culprit has no right angle', u'The culprit has atleast 1 reflex angle', u'The culprit has less than 5 obtuse angles'], [u'Correct', u'Correct', u'Correct']]","[{""clue"":1,""fig"":[""fig055""]},{""clue"":2,""fig"":[""fig037"",""fig068"",""fig060""]},{""clue"":3,""fig"":[""fig011""]}]",,Mission 1,False,[],[],"[0, 1, 1, 0]","[1, 1, 1, 0]",,,2.0,,6.0,True,0:0:42,[],,,860.0,200.0,1.0,22.0,,passed,policesquad,,2018-5-10 23:10:26,stage_end,en,nu0vrq5lqq7zrzv4fpyb1uakh86jowsk,1260083
,,,,,,,,,,,,"[u'exactly3parallelpairsofsides', [u'fig061', u'fig051', u'fig024', u'fig016', u'fig047', u'fig048', None, None], [u'The culprit has more than 4 straight sides', u'The culprit has less than 2 right angles', u'The culprit has more than 1 parallel pairs of sides', u'The culprit has more than 1 obtuse angle'], [u'Correct', u'Correct', u'Correct', u'Correct']]","[{""clue"":1,""fig"":[""fig047""]},{""clue"":2,""fig"":[""fig016""]},{""clue"":3,""fig"":[""fig051""]},{""clue"":4,""fig"":[""fig061"",""fig024""]}]",,Mission 1,False,[],[],"[0, 1, 1, 0]","[1, 1, 1, 0]",,,2.0,,7.0,True,0:0:37,[],,,860.0,300.0,1.0,23.0,,passed,policesquad,,2018-5-10 23:11:11,stage_end,en,nu0vrq5lqq7zrzv4fpyb1uakh86jowsk,1260083
,,,,,,,,,,,,"[u'exactly1parallelpairsofsides', [u'fig034', u'fig014', u'fig033', u'fig012', u'fig024', u'fig040', None, None], [u'The culprit has no right angle', u'The culprit has no equal straight sides', u'The culprit has less than 2 equal pairs of sides ', u'The culprit has less than 2 parallel pairs of sides', u'The culprit has less than 3 acute angles'], [u'Correct', u'Correct', u'Correct', u'Correct', u'Correct']]","[{""clue"":1,""fig"":[""fig034""]},{""clue"":2,""fig"":[""fig024""]},{""clue"":3,""fig"":[""fig014""]},{""clue"":4,""fig"":[""fig012""]},{""clue"":5,""fig"":[""fig033""]}]",,Mission 1,False,[],[],"[0, 1, 1, 0]","[1, 1, 1, 0]",,,2.0,,8.0,True,0:1:38,"[""Parallel Lines tool"",""Equal Sides tool""]",,,860.0,300.0,1.0,24.0,,passed,policesquad,,2018-5-10 23:12:50,stage_end,en,nu0vrq5lqq7zrzv4fpyb1uakh86jowsk,1260083
,,,,,,,,,,,,"[u'exactly3parallelpairsofsides', [u'fig049', u'fig041', u'fig024', u'fig001', u'fig031', u'fig043', None, None], [u'The culprit has atleast 5 straight sides', u'The culprit has no right angle', u'The culprit has more than 1 parallel pairs of sides', u'The culprit has less than 5 obtuse angles'], [u'Correct', u'Correct', u'Correct', u'Correct']]","[{""clue"":1,""fig"":[""fig049""]},{""clue"":2,""fig"":[""fig001"",""fig031""]},{""clue"":3,""fig"":[""fig041""]},{""clue"":4,""fig"":[""fig024""]}]",,Mission 1,False,[],[],"[0, 1, 1, 0]","[1, 1, 1, 0]",,,2.0,,9.0,True,0:0:31,[],,,860.0,300.0,1.0,25.0,,passed,policesquad,,2018-5-10 23:13:21,stage_end,en,nu0vrq5lqq7zrzv4fpyb1uakh86jowsk,1260083
,,,,,,,,,,,,"[u'no1equalsides', [u'fig034', u'fig012', u'fig036', u'fig048', None, None, None, None], [u'The culprit has no equal straight sides', u'The culprit has atleast 5 straight sides', u'The culprit has less than 6 straight sides'], [u'Correct', u'Correct', u'Correct']]","[{""clue"":1,""fig"":[""fig048""]},{""clue"":2,""fig"":[""fig012""]},{""clue"":3,""fig"":[""fig036""]}]",,Mission 1,False,[],[],"[0, 0, 0, 0]","[1, 0, 0, 0]",,,0.0,,1.0,True,0:10:47,[],,,80.0,80.0,1.0,1.0,,passed,policesquad,,2018-5-11 10:56:33,stage_end,en,r8hen0a51ddzs2fkr744hknxzbmt2qw5,1260083
,,,,,,,,,,,,"[u'all1rightangles', [u'fig034', u'fig059', u'fig040', u'fig003', None, None, None, None], [u'The culprit has atleast 1 right angle', u'The culprit has atleast 4 straight sides'], [u'Correct', u'Correct']]","[{""clue"":1,""fig"":[""fig003""]},{""clue"":2,""fig"":[""fig034"",""fig040""]}]",,Mission 1,False,[],[],"[0, 0, 0, 0]","[1, 0, 0, 0]",,,0.0,,2.0,True,0:1:47,"[""Equal Sides tool""]",,,80.0,80.0,1.0,2.0,,passed,policesquad,,2018-5-11 10:58:21,stage_end,en,r8hen0a51ddzs2fkr744hknxzbmt2qw5,1260083
,,,,,,,,,,,,"[u'exactly1rightangles', [u'fig052', u'fig013', u'fig015', u'fig021', None, None, None, None], [u'The culprit has less than 5 straight sides', u'The culprit has less than 2 right angles', u'The culprit has no equal pairs of sides '], [u'Correct', u'Correct', u'Correct']]","[{""clue"":1,""fig"":[""fig015""]},{""clue"":2,""fig"":[""fig021""]},{""clue"":3,""fig"":[""fig052""]}]",,Mission 1,False,[],[],"[0, 0, 0, 0]","[1, 0, 0, 0]",,,0.0,,3.0,True,0:1:43,"[""Equal Sides tool""]",,,80.0,80.0,1.0,3.0,,passed,policesquad,,2018-5-11 11:0:4,stage_end,en,r8hen0a51ddzs2fkr744hknxzbmt2qw5,1260083
,,,,,,,,,,,,"[u'fig001', [u'fig048', u'fig001', u'fig019', u'fig030', u'fig015', u'fig031', None, None], [u'Does the culprit have at least 4  straight sides?', u'Does the culprit have at least 5  straight sides?'], [u'No', u'No']]","[{""clue"":1,""fig"":[""fig048"",""fig030"",""fig031""]},{""clue"":2,""fig"":[""fig019"",""fig015""]}]",,Mission 2,False,"[""straight sides""]",[],"[0, 0, 0, 0]","[1, 1, 0, 0]",,,0.0,,1.0,True,0:2:50,"[""Equal Sides tool"",""Equal Sides tool"",""Equal Sides tool"",""right angle tool""]",,,400.0,400.0,1.0,5.0,,passed,policesquad,,2018-5-11 11:8:49,stage_end,en,r8hen0a51ddzs2fkr744hknxzbmt2qw5,1260083
,,,,,,,,,,,,"[u'fig002', [u'fig007', u'fig004', u'fig006', u'fig005', u'fig002', u'fig003', None, None], [u'Does the culprit have all  acute angle(s)?', u'Does the culprit have at least 1 equal pairs of sides ?', u'Does the culprit have at least 1 right angle(s)?'], [u'Yes', u'Yes', u'No']]","[{""clue"":2,""fig"":[""fig007"",""fig006""]},{""clue"":3,""fig"":[""fig004""]}]",,Mission 2,False,[],"[{""clue"":1,""fig"":[""fig005"",""fig003""]}]","[0, 0, 0, 0]","[1, 1, 0, 0]",,,0.0,,2.0,True,0:5:34,[],,,400.0,250.0,0.0,5.0,,passed,policesquad,,2018-5-11 11:14:39,stage_end,en,r8hen0a51ddzs2fkr744hknxzbmt2qw5,1260083
,,,,,,,,,,,,"[u'fig011', [u'fig026', u'fig011', u'fig024', u'fig028', u'fig010', u'fig008', u'fig022', u'fig016'], [u'Does the culprit have at least 1 right angle(s)?', u'Does the culprit have at least 1 equal pairs of sides ?', u'Does the culprit have at least 1 reflex angle(s)?', u'Does the culprit have at least 1 parallel pairs of sides?'], [u'Yes', u'Yes', u'Yes', u'No']]","[{""clue"":1,""fig"":[""fig026"",""fig024"",""fig022""]},{""clue"":2,""fig"":[""fig028"",""fig016""]},{""clue"":3,""fig"":[""fig010""]},{""clue"":4,""fig"":[""fig008""]}]",,Mission 2,False,"[""parallel""]",[],"[0, 0, 0, 0]","[1, 1, 0, 0]",,,1.0,,3.0,True,0:2:20,[],,,400.0,360.0,0.0,5.0,,passed,policesquad,,2018-5-11 11:23:29,stage_end,en,r8hen0a51ddzs2fkr744hknxzbmt2qw5,1260083
,,,,,,,,,,,,"[u'At least one curved side', [u'fig066', u'fig071', u'fig070', u'fig067', u'fig032', u'fig028', u'fig035', u'fig010', u'fig068'], [u'Send agent having at least 1 curved side(s)?'], [u'']]",[],,Mission 3,False,[],[],"[0, 1, 0, 0]","[1, 1, 1, 0]",,,1.0,,1.0,True,0:0:24,[],,,710.0,710.0,1.0,8.0,,passed,policesquad,,2018-5-11 11:26:11,stage_end,en,r8hen0a51ddzs2fkr744hknxzbmt2qw5,1260083
,,,,,,,,,,,,"[u'no1equalsides', [u'fig001', u'fig036', u'fig019', u'fig033', None, None, None, None], [u'\u0905\u092a\u0930\u093e\u0927\u0940\xa0\u0915\u0947\xa0\u092a\u093e\u0938 \u0915\u094b\u0908 \u0938\u092e\u093e\u0928 \u092d\u0941\u091c\u093e\u090f\u0901 \u0928\u0939\u0940\u0902 \u0939\u0948\u0902', u'\u0905\u092a\u0930\u093e\u0927\u0940\xa0\u0915\u0947\xa0\u092a\u093e\u0938 \u0915\u0947\u0935\u0932 5  \u092d\u0941\u091c\u093e\u090f\u0901 \u0939\u0948\u0902', u'\u0905\u092a\u0930\u093e\u0927\u0940\xa0\u0915\u0947\xa0\u092a\u093e\u0938 3 \u0938\u0947 \u0905\u0927\u093f\u0915  \u092d\u0941\u091c\u093e\u090f\u0901 \u0939\u0948\u0902'], [u'', u'', u'']]",,,Mission 1,False,,,"[0, 0, 0, 0]","[1, 0, 0, 0]",,,0.0,5.0,1.0,False,25428100,,stage_end,"[0, 0, 0, 0]",30.0,30.0,0.0,0.0,failed,,policesquad,,2018-5-7 15:9:34,,hi,svysuqmif1iqxbjtvwepqxaspdg4m1qe,0
,,,,,,,,,,,,"[u'exactly5emptysides', [u'fig030', u'fig045', u'fig029', u'fig005', None, None, None, None], [u'\u0905\u092a\u0930\u093e\u0927\u0940\xa0\u0915\u0947\xa0\u092a\u093e\u0938 \u0915\u0947\u0935\u0932 5  \u092d\u0941\u091c\u093e\u090f\u0901 \u0939\u0948\u0902', u'\u0905\u092a\u0930\u093e\u0927\u0940\xa0\u0915\u0947\xa0\u092a\u093e\u0938 \u0915\u092e \u0938\u0947 \u0915\u092e 5  \u092d\u0941\u091c\u093e\u090f\u0901 \u0939\u0948\u0902', u'\u0905\u092a\u0930\u093e\u0927\u0940\xa0\u0915\u0947\xa0\u092a\u093e\u0938 \u0915\u0947\u0935\u0932 2 \u0938\u092e\u093e\u0928 \u092d\u0941\u091c\u093e\u0913\u0902 \u0915\u0940 \u091c\u094b\u0921\u093c\u0940  \u0939\u0948\u0902'], [u'', u'', u'']]",,,Mission 1,False,,,"[0, 0, 0, 0]","[1, 0, 0, 0]",,,1.0,9.0,1.0,False,25428103,,stage_end,"[0, 0, 0, 0]",30.0,10.0,0.0,0.0,failed,,policesquad,,2018-5-7 15:12:50,,hi,svysuqmif1iqxbjtvwepqxaspdg4m1qe,0
,,,,,,,,,,,,"[u'exactly5emptysides', [u'fig049', u'fig048', u'fig046', u'fig041', None, None, None, None], [u'\u0905\u092a\u0930\u093e\u0927\u0940\xa0\u0915\u0947\xa0\u092a\u093e\u0938 6 \u0938\u0947 \u0915\u092e  \u092d\u0941\u091c\u093e\u090f\u0901 \u0939\u0948\u0902'], [u'']]",,,Mission 1,False,,,"[0, 0, 0, 0]","[1, 0, 0, 0]",,,3.0,11.0,1.0,False,25428106,,stage_end,"[0, 0, 0, 0]",30.0,30.0,0.0,0.0,passed,,policesquad,,2018-5-7 15:15:11,,hi,svysuqmif1iqxbjtvwepqxaspdg4m1qe,0
,,,,,,,,,,,,"[u'no1rightangles', [u'fig069', u'fig062', u'fig029', u'fig006', None, None, None, None], [u'\u0905\u092a\u0930\u093e\u0927\u0940\xa0\u0915\u0947\xa0\u092a\u093e\u0938 \u0915\u094b\u0908 \u0938\u092e \u0915\u094b\u0923 \u0928\u0939\u0940\u0902 \u0939\u0948\u0902', u'\u0905\u092a\u0930\u093e\u0927\u0940\xa0\u0915\u0947\xa0\u092a\u093e\u0938 4 \u0938\u0947 \u0915\u092e  \u092d\u0941\u091c\u093e\u090f\u0901 \u0939\u0948\u0902'], [u'', u'']]",,,Mission 1,False,,,"[0, 0, 0, 0]","[1, 0, 0, 0]",,,3.0,13.0,2.0,False,25428108,,stage_end,"[0, 0, 0, 0]",80.0,80.0,1.0,1.0,passed,,policesquad,,2018-5-7 15:17:33,,hi,svysuqmif1iqxbjtvwepqxaspdg4m1qe,0
,,,,,,,,,,,,"[u'exactly3rightangles', [u'fig005', u'fig047', u'fig052', u'fig037', None, None, None, None], [u'\u0905\u092a\u0930\u093e\u0927\u0940\xa0\u0915\u0947\xa0\u092a\u093e\u0938 \u0915\u092e \u0938\u0947 \u0915\u092e 3 \u0938\u092e \u0915\u094b\u0923 \u0939\u0948\u0902', u'\u0905\u092a\u0930\u093e\u0927\u0940\xa0\u0915\u0947\xa0\u092a\u093e\u0938 4 \u0938\u0947 \u0905\u0927\u093f\u0915  \u092d\u0941\u091c\u093e\u090f\u0901 \u0939\u0948\u0902'], [u'', u'']]",,,Mission 1,False,,,"[0, 0, 0, 0]","[1, 0, 0, 0]",,,3.0,16.0,3.0,False,25428111,,stage_end,"[0, 0, 0, 0]",80.0,80.0,1.0,2.0,passed,,policesquad,,2018-5-7 15:20:8,,hi,svysuqmif1iqxbjtvwepqxaspdg4m1qe,0
,,,,,,,,,,,,"[u'no1obtuseangles', [u'fig014', u'fig067', u'fig019', u'fig018', u'fig033', u'fig028', None, None], [u'\u0905\u092a\u0930\u093e\u0927\u0940\xa0\u0915\u0947\xa0\u092a\u093e\u0938 \u0915\u0947\u0935\u0932 1 \u0938\u092e\u093e\u0928 \u092d\u0941\u091c\u093e\u0913\u0902 \u0915\u0940 \u091c\u094b\u0921\u093c\u0940  \u0939\u0948\u0902', u'\u0905\u092a\u0930\u093e\u0927\u0940\xa0\u0915\u0947\xa0\u092a\u093e\u0938 2 \u0938\u0947 \u0915\u092e \u0938\u092e\u093e\u0928 \u092d\u0941\u091c\u093e\u0913\u0902 \u0915\u0940 \u091c\u094b\u0921\u093c\u0940  \u0939\u0948\u0902', u'\u0905\u092a\u0930\u093e\u0927\u0940\xa0\u0915\u0947\xa0\u092a\u093e\u0938 2 \u0938\u0947 \u0915\u092e \u0905\u0927\u093f\u0915 \u0915\u094b\u0923 \u0939\u0948\u0902'], [u'', u'', u'']]",,,Mission 1,False,,,"[0, 0, 0, 0]","[1, 0, 0, 0]",,,4.0,22.0,4.0,False,25428117,,stage_end,"[0, 0, 0, 0]",80.0,60.0,0.0,2.0,failed,,policesquad,,2018-5-7 15:26:29,,hi,svysuqmif1iqxbjtvwepqxaspdg4m1qe,0
,,,,,,,,,,,,"[u'fig015', [u'fig048', u'fig031', u'fig019', u'fig015', u'fig030', u'fig001', None, None], [u'\u0905\u092a\u0930\u093e\u0927\u0940\xa0\u0915\u0947\xa0\u092a\u093e\u0938 \u0915\u092e \u0938\u0947 \u0915\u092e 5 \u0938\u092e\u093e\u0928 \u092d\u0941\u091c\u093e\u090f\u0901 \u0939\u0948\u0902'], [u'\u0928\u0939\u0940\u0902']]",,,Mission 2,False,,,"[0, 0, 0, 0]","[0, 1, 0, 0]",,,0.0,9.0,1.0,False,25428133,,stage_end,"[0, 0, 0, 0]",200.0,200.0,0.0,0.0,failed,,policesquad,,2018-5-7 15:42:27,,hi,svysuqmif1iqxbjtvwepqxaspdg4m1qe,0
,,,,,,,,,,,,"[u'fig015', [u'fig048', u'fig020', u'fig030', u'fig052', u'fig015', u'fig024', None, None], [u'\u0905\u092a\u0930\u093e\u0927\u0940\xa0\u0915\u0947\xa0\u092a\u093e\u0938 2 \u0938\u0947 \u0905\u0927\u093f\u0915 \u0938\u092e\u093e\u0928 \u092d\u0941\u091c\u093e\u0913\u0902 \u0915\u0940 \u091c\u094b\u0921\u093c\u0940  \u0939\u0948\u0902', u'\u0905\u092a\u0930\u093e\u0927\u0940\xa0\u0915\u0947\xa0\u092a\u093e\u0938 \u0915\u092e \u0938\u0947 \u0915\u092e 2 \u0938\u092e \u0915\u094b\u0923 \u0939\u0948\u0902', u'\u0905\u092a\u0930\u093e\u0927\u0940\xa0\u0915\u0947\xa0\u092a\u093e\u0938 4 \u0938\u0947 \u0915\u092e \u0938\u092e\u093e\u0928 \u092d\u0941\u091c\u093e\u090f\u0901 \u0939\u0948\u0902', u'\u0905\u092a\u0930\u093e\u0927\u0940\xa0\u0915\u0947\xa0\u092a\u093e\u0938 \u0915\u092e \u0938\u0947 \u0915\u092e 2 \u0938\u092e\u093e\u0928 \u092d\u0941\u091c\u093e\u090f\u0901 \u0939\u0948\u0902'], [u'\u0928\u0939\u0940\u0902', u'\u0928\u0939\u0940\u0902', u'\u0939\u093e\u0901', u'\u0939\u093e\u0901']]",,,Mission 2,False,,,"[0, 0, 0, 0]","[0, 1, 0, 0]",,,0.0,15.0,1.0,False,6,,stage_end,"[0, 0, 0, 0]",200.0,120.0,0.0,0.0,failed,,policesquad,,2018-5-7 15:47:55,,hi,svysuqmif1iqxbjtvwepqxaspdg4m1qe,0
,,,,,,,,,,,,"[u'fig048', [u'fig015', u'fig048', u'fig024', u'fig052', u'fig020', u'fig030', None, None], [u'\u0905\u092a\u0930\u093e\u0927\u0940\xa0\u0915\u0947\xa0\u092a\u093e\u0938 \u0915\u092e \u0938\u0947 \u0915\u092e 6 \u0938\u092e\u093e\u0928 \u092d\u0941\u091c\u093e\u090f\u0901 \u0939\u0948\u0902', u'\u0905\u092a\u0930\u093e\u0927\u0940\xa0\u0915\u0947\xa0\u092a\u093e\u0938 \u0915\u092e \u0938\u0947 \u0915\u092e 2 \u0938\u092e \u0915\u094b\u0923 \u0939\u0948\u0902'], [u'\u0939\u093e\u0901', u'\u0928\u0939\u0940\u0902']]",,,Mission 2,False,,,"[0, 0, 0, 0]","[0, 1, 0, 0]",,,0.0,17.0,1.0,False,3,,stage_end,"[0, 0, 0, 0]",400.0,400.0,1.0,2.0,passed,,policesquad,,2018-5-7 15:50:15,,hi,svysuqmif1iqxbjtvwepqxaspdg4m1qe,0
,,,,,,,,,,,,"[u'fig022', [u'fig027', u'fig026', u'fig022', u'fig028', u'fig021', u'fig029', None, None], [u'\u0905\u092a\u0930\u093e\u0927\u0940\xa0\u0915\u0947\xa0\u092a\u093e\u0938 \u0915\u092e \u0938\u0947 \u0915\u092e 2 \u0938\u092e \u0915\u094b\u0923 \u0939\u0948\u0902', u'\u0905\u092a\u0930\u093e\u0927\u0940\xa0\u0915\u0947\xa0\u092a\u093e\u0938 \u0915\u092e \u0938\u0947 \u0915\u092e 2 \u0938\u092e\u093e\u0928 \u092d\u0941\u091c\u093e\u0913\u0902 \u0915\u0940 \u091c\u094b\u0921\u093c\u0940  \u0939\u0948\u0902', u'\u0905\u092a\u0930\u093e\u0927\u0940\xa0\u0915\u0947\xa0\u092a\u093e\u0938 \u0915\u092e \u0938\u0947 \u0915\u092e 2 \u0938\u092e\u093e\u0928 \u092d\u0941\u091c\u093e\u090f\u0901 \u0939\u0948\u0902', u'\u0905\u092a\u0930\u093e\u0927\u0940\xa0\u0915\u0947\xa0\u092a\u093e\u0938 \u0915\u092e \u0938\u0947 \u0915\u092e 4 \u092d\u0941\u091c\u093e\u090f\u0901 \u0939\u0948\u0902', u'\u0905\u092a\u0930\u093e\u0927\u0940\xa0\u0915\u0947\xa0\u092a\u093e\u0938 \u0915\u092e \u0938\u0947 \u0915\u092e 4 \u0938\u092e \u0915\u094b\u0923 \u0939\u0948\u0902'], [u'\u0928\u0939\u0940\u0902', u'\u0928\u0939\u0940\u0902', u'\u0928\u0939\u0940\u0902', u'\u0939\u093e\u0901', u'\u0928\u0939\u0940\u0902']]",,,Mission 2,False,,,"[0, 0, 0, 0]","[0, 1, 0, 0]",,,0.0,21.0,2.0,False,4,,stage_end,"[0, 0, 0, 0]",400.0,200.0,0.0,2.0,passed,,policesquad,,2018-5-7 15:53:58,,hi,svysuqmif1iqxbjtvwepqxaspdg4m1qe,0
,,,,,,,,,,,,"[u'fig026', [u'fig016', u'fig011', u'fig022', u'fig026', u'fig008', u'fig024', u'fig010', u'fig028'], [u'\u0905\u092a\u0930\u093e\u0927\u0940\xa0\u0915\u0947\xa0\u092a\u093e\u0938 1 \u0938\u0947 \u0915\u092e \u0938\u092e \u0915\u094b\u0923 \u0939\u0948\u0902', u'\u0905\u092a\u0930\u093e\u0927\u0940\xa0\u0915\u0947\xa0\u092a\u093e\u0938 \u0915\u092e \u0938\u0947 \u0915\u092e 4 \u0938\u092e\u093e\u0928 \u092d\u0941\u091c\u093e\u090f\u0901 \u0939\u0948\u0902'], [u'\u0928\u0939\u0940\u0902', u'\u0939\u093e\u0901']]",,,Mission 2,False,,,"[0, 0, 0, 0]","[0, 1, 0, 0]",,,0.0,27.0,3.0,False,6,,stage_end,"[0, 0, 0, 0]",400.0,360.0,0.0,2.0,failed,,policesquad,,2018-5-7 16:0:4,,hi,svysuqmif1iqxbjtvwepqxaspdg4m1qe,0
,,,,,,,,,,,,"[u'fig024', [u'fig027', u'fig023', u'fig020', u'fig019', u'fig024', u'fig028', u'fig025', u'fig026'], [u'\u0905\u092a\u0930\u093e\u0927\u0940\xa0\u0915\u0947\xa0\u092a\u093e\u0938 \u0915\u092e \u0938\u0947 \u0915\u092e 2 \u0938\u092e \u0915\u094b\u0923 \u0939\u0948\u0902', u'\u0905\u092a\u0930\u093e\u0927\u0940\xa0\u0915\u0947\xa0\u092a\u093e\u0938 \u0915\u092e \u0938\u0947 \u0915\u092e 4 \u0938\u092e\u093e\u0928 \u092d\u0941\u091c\u093e\u090f\u0901 \u0939\u0948\u0902'], [u'\u0928\u0939\u0940\u0902', u'\u0939\u093e\u0901']]",,,Mission 2,False,,,"[0, 0, 0, 0]","[0, 1, 0, 0]",,,0.0,31.0,3.0,False,4,,stage_end,"[0, 0, 0, 0]",400.0,360.0,0.0,2.0,failed,,policesquad,,2018-5-7 16:3:36,,hi,svysuqmif1iqxbjtvwepqxaspdg4m1qe,0
,,,,,,,,,,,,"[u'exactly4equalpairsofsides', [u'fig011', u'fig056', u'fig051', u'fig044', None, None, None, None], [u'The culprit has more than 6 straight sides', u'The culprit has more than 1 equal pairs of sides ', u'The culprit has atleast 6 straight sides'], [u'Incorrect', u'Correct', u'Correct']]","[{""clue"":1,""fig"":[""fig011""]},{""clue"":2,""fig"":[""fig051""]}]",,Mission 1,False,[],"[{""clue"":3,""fig"":[""fig056""]}]","[0, 0, 0, 0]","[1, 0, 0, 0]",,,0.0,,1.0,True,0:3:18,"[""Equal Sides tool""]",,,30.0,30.0,0.0,0.0,,failed,policesquad,,2018-5-11 12:31:15,stage_end,en,nut6chjzu4mpw2g913fiqmg8oprws0ta,0
,,,,,,,,,,,,"[u'exactly3equalpairsofsides', [u'fig049', u'fig013', u'fig057', u'fig035', None, None, None, None], [u'The culprit has less than 4 equal pairs of sides ', u'The culprit has more than 1 equal pairs of sides '], [u'Correct', u'Correct']]","[{""clue"":1,""fig"":[""fig013"",""fig035""]},{""clue"":2,""fig"":[""fig057""]}]",,Mission 1,False,[],[],"[0, 0, 0, 0]","[1, 0, 0, 0]",,,0.0,,1.0,True,0:2:33,"[""Equal Sides tool"",""Equal Sides tool""]",,,80.0,80.0,1.0,1.0,,passed,policesquad,,2018-5-11 12:33:48,stage_end,en,nut6chjzu4mpw2g913fiqmg8oprws0ta,0
,,,,,,,,,,,,"[u'no1rightangles', [u'fig032', u'fig049', u'fig054', u'fig047', None, None, None, None], [u'The culprit has exactly 6 straight sides', u'The culprit has less than 3 right angles', u'The culprit has atleast 6 straight sides'], [u'Correct', u'Correct', u'Correct']]","[{""clue"":1,""fig"":[""fig032""]},{""clue"":2,""fig"":[""fig047""]},{""clue"":3,""fig"":[""fig054""]}]",,Mission 1,False,[],[],"[0, 0, 0, 0]","[1, 0, 0, 0]",,,0.0,,2.0,True,0:4:13,[],,,80.0,80.0,1.0,2.0,,passed,policesquad,,2018-5-11 12:38:2,stage_end,en,nut6chjzu4mpw2g913fiqmg8oprws0ta,0
,,,,,,,,,,,,"[u'exactly4rightangles', [u'fig038', u'fig049', u'fig026', u'fig070', None, None, None, None], [u'The culprit has less than 5 straight sides', u'The culprit has atleast 1 right angle', u'The culprit has more than 2 straight sides'], [u'Correct', u'Correct', u'Correct']]","[{""clue"":1,""fig"":[""fig070""]},{""clue"":2,""fig"":[""fig049""]},{""clue"":3,""fig"":[""fig038""]}]",,Mission 1,False,[],[],"[0, 0, 0, 0]","[1, 0, 0, 0]",,,0.0,,3.0,True,0:1:41,[],,,80.0,80.0,1.0,3.0,,passed,policesquad,,2018-5-11 12:39:44,stage_end,en,nut6chjzu4mpw2g913fiqmg8oprws0ta,0
,,,,,,,,,,,,"[u'exactly2obtuseangles', [u'fig004', u'fig026', u'fig068', u'fig024', u'fig045', u'fig033', None, None], [u'The culprit has no right angle', u'The culprit has atleast 4 straight sides', u'The culprit has less than 6 straight sides', u'The culprit has atleast 1 obtuse angle', u'The culprit has less than 4 right angles'], [u'Correct', u'Correct', u'Correct', u'Incorrect', u'Correct']]","[{""clue"":1,""fig"":[""fig026""]},{""clue"":3,""fig"":[""fig045""]},{""clue"":4,""fig"":[""fig004""]},{""clue"":5,""fig"":[""fig033""]}]",,Mission 1,False,[],"[{""clue"":2,""fig"":[""fig068""]}]","[0, 0, 0, 0]","[1, 0, 0, 0]",,,0.0,,4.0,True,0:4:55,[],,,100.0,100.0,0.0,3.0,,passed,policesquad,,2018-5-11 12:44:48,stage_end,en,nut6chjzu4mpw2g913fiqmg8oprws0ta,0
,,,,,,,,,,,,"[u'exactly5acuteangles', [u'fig058', u'fig019', u'fig035', u'fig024', u'fig036', u'fig015', None, None], [u'The culprit has all equal straight sides', u'The culprit has less than 2 obtuse angles', u'The culprit has less than 2 right angles', u'The culprit has less than 5 obtuse angles'], [u'Correct', u'Correct', u'Correct', u'Correct']]","[{""clue"":1,""fig"":[""fig036""]},{""clue"":2,""fig"":[""fig035""]},{""clue"":3,""fig"":[""fig019"",""fig024""]},{""clue"":4,""fig"":[""fig015""]}]",,Mission 1,False,[],[],"[0, 0, 0, 0]","[1, 0, 0, 0]",,,0.0,,5.0,True,0:1:44,[],,,200.0,200.0,1.0,4.0,,passed,policesquad,,2018-5-11 12:46:34,stage_end,en,nut6chjzu4mpw2g913fiqmg8oprws0ta,0
,,,,,,,,,,,,"[u'no1reflexangles', [u'fig065', u'fig011', u'fig015', u'fig031', u'fig007', u'fig044', None, None], [u'The culprit has no obtuse angles', u'The culprit has less than 5 straight sides', u'The culprit has no reflex angle', u'The culprit has less than 3 acute angles'], [u'Correct', u'Correct', u'Incorrect', u'Correct']]","[{""clue"":1,""fig"":[""fig044""]},{""clue"":3,""fig"":[""fig031""]},{""clue"":4,""fig"":[""fig007""]}]",,Mission 1,False,[],"[{""clue"":2,""fig"":[""fig011"",""fig015""]}]","[0, 0, 0, 0]","[1, 0, 0, 0]",,,0.0,,6.0,True,0:8:38,[],,,200.0,100.0,0.0,4.0,,passed,policesquad,,2018-5-11 12:55:12,stage_end,en,nut6chjzu4mpw2g913fiqmg8oprws0ta,0
,,,,,,,,,,,,"[u'exactly1parallelpairsofsides', [u'fig029', u'fig047', u'fig020', u'fig013', u'fig055', u'fig032', None, None], [u'The culprit has less than 2 acute angles', u'The culprit has less than 2 equal pairs of sides ', u'The culprit has less than 6 obtuse angles', u'The culprit has less than 3 right angles'], [u'Correct', u'Correct', u'Correct', u'Correct']]","[{""clue"":1,""fig"":[""fig047""]},{""clue"":2,""fig"":[""fig055""]},{""clue"":3,""fig"":[""fig029"",""fig032""]},{""clue"":4,""fig"":[""fig013""]}]",,Mission 1,False,[],[],"[0, 0, 0, 0]","[1, 0, 0, 0]",,,0.0,,7.0,True,0:1:35,[],,,300.0,300.0,1.0,5.0,,passed,policesquad,,2018-5-11 12:56:56,stage_end,en,nut6chjzu4mpw2g913fiqmg8oprws0ta,0
,,,,,,,,,,,,"[u'exactly4parallelpairsofsides', [u'fig002', u'fig056', u'fig023', u'fig055', u'fig043', u'fig016', None, None], [u'The culprit has atleast 5 straight sides', u'The culprit has no reflex angle', u'The culprit has less than 2 right angles', u'The culprit has more than 1 parallel pairs of sides', u'The culprit has atleast 4 straight sides'], [u'Correct', u'Correct', u'Correct', u'Correct', u'Correct']]","[{""clue"":1,""fig"":[""fig002""]},{""clue"":2,""fig"":[""fig016""]},{""clue"":3,""fig"":[""fig056""]},{""clue"":4,""fig"":[""fig043""]},{""clue"":5,""fig"":[""fig023""]}]",,Mission 1,False,[],[],"[0, 0, 0, 0]","[1, 0, 0, 0]",,,0.0,,8.0,True,0:1:36,[],,,300.0,300.0,1.0,6.0,,passed,policesquad,,2018-5-11 12:58:33,stage_end,en,nut6chjzu4mpw2g913fiqmg8oprws0ta,0
,,,,,,,,,,,,"[u'exactly1parallelpairsofsides', [u'fig055', u'fig049', u'fig065', u'fig061', u'fig037', u'fig047', None, None], [u'The culprit has exactly 3 equal pairs of sides ', u'The culprit has more than 4 straight sides', u'The culprit has less than 2 right angles', u'The culprit has atleast 4 straight sides', u'The culprit has less than 6 obtuse angles'], [u'Correct', u'Correct', u'Correct', u'Correct', u'Correct']]","[{""clue"":1,""fig"":[""fig055""]},{""clue"":2,""fig"":[""fig065""]},{""clue"":3,""fig"":[""fig047""]},{""clue"":4,""fig"":[""fig061""]},{""clue"":5,""fig"":[""fig037""]}]",,Mission 1,False,[],[],"[0, 0, 0, 0]","[1, 0, 0, 0]",,,0.0,,9.0,True,0:3:53,[],,,300.0,300.0,1.0,7.0,,passed,policesquad,,2018-5-11 13:2:27,stage_end,en,nut6chjzu4mpw2g913fiqmg8oprws0ta,0
,,,,,,,,,,,,"[u'fig024', [u'fig024', u'fig015', u'fig052', u'fig048', u'fig020', u'fig030', None, None], [u'Does the culprit have at least 1 reflex angle(s)?', u'Does the culprit have exactly 1 equal pairs of sides ?', u'Does the culprit have more than 4  straight sides?'], [u'No', u'No', u'No']]","[{""clue"":1,""fig"":[""fig052"",""fig048"",""fig030""]},{""clue"":3,""fig"":[""fig015""]}]",,Mission 2,False,[],"[{""clue"":2,""fig"":[""fig020""]}]","[1, 0, 0, 0]","[1, 1, 0, 0]",,,0.0,,1.0,True,2:44:5,"[""Equal Sides marker tool"",""acute angle tool"",""right angle tool"",""right angle tool"",""Protractor tool"",""Equal Sides marker tool""]",,,300.0,200.0,0.0,7.0,,passed,policesquad,,2018-5-11 15:42:39,stage_end,en,nut6chjzu4mpw2g913fiqmg8oprws0ta,0
,,,,,,,,,,,,"[u'fig028', [u'fig027', u'fig029', u'fig021', u'fig022', u'fig028', u'fig026', None, None], [u'Does the culprit have exactly 3 obtuse angle(s)?', u'Does the culprit have at least 1 right angle(s)?', u'Does the culprit have at least 1 equal pairs of sides ?'], [u'No', u'No', u'Yes']]","[{""clue"":1,""fig"":[""fig021"",""fig022""]},{""clue"":2,""fig"":[""fig029"",""fig026""]},{""clue"":3,""fig"":[""fig027""]}]",,Mission 2,False,[],[],"[1, 0, 0, 0]","[1, 1, 0, 0]",,,0.0,,2.0,True,0:2:25,"[""Equal Sides marker tool"",""right angle tool"",""right angle tool"",""obtuse angle tool"",""obtuse angle tool""]",,,450.0,450.0,1.0,9.0,,passed,policesquad,,2018-5-11 15:45:11,stage_end,en,nut6chjzu4mpw2g913fiqmg8oprws0ta,0
,,,,,,,,,,,,"[u'fig022', [u'fig024', u'fig028', u'fig016', u'fig026', u'fig022', u'fig008', u'fig010', u'fig011'], [u'Does the culprit have all  equal side(s)?', u'Does the culprit have exactly 2 acute angle(s)?', u'Does the culprit have at least 1 right angle(s)?', u'Does the culprit have at least 1 reflex angle(s)?'], [u'No', u'Yes', u'No', u'No']]","[{""clue"":1,""fig"":[""fig008"",""fig010"",""fig011""]},{""clue"":2,""fig"":[""fig016"",""fig026""]},{""clue"":3,""fig"":[""fig028""]},{""clue"":4,""fig"":[""fig024""]}]",,Mission 2,False,[],[],"[1, 0, 0, 0]","[1, 1, 0, 0]",,,0.0,,3.0,True,0:10:38,"[""right angle tool"",""right angle tool"",""right angle tool"",""right angle tool"",""acute angle tool"",""right angle tool"",""Equal Sides marker tool"",""acute angle tool"",""right angle tool"",""obtuse angle tool"",""reflex angle tool"",""Equal Sides marker tool"",""Equal Sides marker tool"",""acute angle tool"",""acute angle tool"",""acute angle tool"",""acute angle tool"",""Equal Sides marker tool""]",,,560.0,560.0,1.0,11.0,,passed,policesquad,,2018-5-11 15:56:7,stage_end,en,nut6chjzu4mpw2g913fiqmg8oprws0ta,0
,,,,,,,,,,,,"[u'fig024', [u'fig011', u'fig016', u'fig024', u'fig022', u'fig026', u'fig028', u'fig008', u'fig010'], [u'Does the culprit have all  equal side(s)?', u'Does the culprit have exactly 2 acute angle(s)?', u'Does the culprit have at least 1 right angle(s)?', u'Does the culprit have at least 1 reflex angle(s)?'], [u'Yes', u'Yes', u'No', u'No']]","[{""clue"":2,""fig"":[""fig011"",""fig016"",""fig026""]},{""clue"":3,""fig"":[""fig028"",""fig010""]}]",,Mission 2,False,[],"[{""clue"":1,""fig"":[""fig008""]},{""clue"":4,""fig"":[""fig024""]}]","[1, 1, 0, 0]","[1, 1, 0, 0]",,,0.0,,3.0,True,0:3:51,"[""right angle tool"",""Equal Sides marker tool"",""acute angle tool"",""acute angle tool"",""acute angle tool"",""acute angle tool"",""acute angle tool"",""acute angle tool"",""Equal Sides marker tool""]",,,560.0,300.0,0.0,11.0,,failed,policesquad,,2018-5-11 16:7:27,stage_end,en,nut6chjzu4mpw2g913fiqmg8oprws0ta,0
,,,,,,,,,,,,"[u'exactly2equalpairsofsides', [u'fig019', u'fig013', u'fig046', u'fig008', None, None, None, None], [u'The culprit has exactly 2 equal pairs of sides ', u'The culprit has less than 5 straight sides'], [u'Correct', u'Correct']]",,,Mission 1,False,,,"[0, 0, 0, 0]","[1, 0, 0, 0]",,,0.0,2.0,1.0,True,2,,stage_end,"[0, 0, 0, 0]",80.0,80.0,1.0,1.0,passed,,policesquad,,2018-6-12 12:15:2,,en,lwkamjgex8gq6j158blpmjd8l9bbev13,0
False,"[0, 0, 0, 0]","[0, 0, 0, 0]",8368.0,True,"[0, 0, 0, 0]",0.0,0.0,1.0,1.0,1.0,1.0,,,,,,,,,,,,,,,,,,,,,,,,,,policesquad,,2018-6-18 10:38:43,,en,,0
False,"[0, 0, 0, 0]","[0, 0, 0, 0]",25443778.0,False,"[0, 0, 0, 0]",0.0,0.0,1.0,1.0,1.0,1.0,,,,,,,,,,,,,,,,,,,,,,,,,,policesquad,,2018-5-18 12:27:5,,en,1rskh077s9ewwmasw372rn2vgjfb0g1f,1260010
,,,,,,,,,,,,"[u'exactly5emptysides', [u'fig030', u'fig011', u'fig015', u'fig020', None, None, None, None], [u'The culprit has exactly 5 straight sides', u'The culprit has more than 1 equal pairs of sides ', u'The culprit has exactly 2 equal pairs of sides '], [u'Correct', u'Correct', u'Incorrect']]",,,Mission 1,False,,,"[0, 0, 0, 0]","[1, 0, 0, 0]",,,0.0,1.0,1.0,True,1,,stage_end,"[0, 0, 0, 0]",30.0,30.0,0.0,0.0,passed,,policesquad,1260100,2018-5-10 9:1:5,,en,lepxxofe3jjbxt693w5adpyn4qtc8a37,1260028
False,"[0, 0, 0, 0]","[1, 0, 0, 0]",2.0,True,"[0, 0, 0, 0]",30.0,0.0,2.0,1.0,1.0,1.0,,,,,,,,,,,,,,,,,,,,,,,,,,policesquad,1260100,2018-5-10 9:2:10,,en,lepxxofe3jjbxt693w5adpyn4qtc8a37,1260028
,,,,,,,,,,,,"[u'fig030', [u'fig015', u'fig048', u'fig030', u'fig019', u'fig031', u'fig001', None, None], [u'Does the culprit have more than 1 parallel pairs of sides?', u'Does the culprit have at least 1 parallel pairs of sides?', u'Does the culprit have exactly 1 equal pairs of sides ?'], [u'No', u'Yes', u'No']]",[],,Mission 2,,[],"[{""clue"":1,""fig"":[""fig015"",""fig019""]},{""clue"":2,""fig"":[""fig031"",""fig001""]},{""clue"":3,""fig"":[""fig048""]}]",,,,,0.0,,1.0,,423799:27:3,"[""Equal Sides marker tool"",""Parallel Lines tool""]",,,,400.0,1.0,,,passed,policesquad,,2018-5-7 12:57:3,stage_end,en,6a0glboj82vsco8n6chy1ujlx6nfp2t4,1260037
,,,,,,,,,,,,"[u'fig048', [u'fig031', u'fig030', u'fig001', u'fig019', u'fig015', u'fig048', None, None], [u'Does the culprit have exactly 5  straight sides?', u'Does the culprit have at least 1 parallel pairs of sides?', u'Does the culprit have at least 2 equal pairs of sides ?'], [u'No', u'Yes', u'Yes']]","[{""clue"":1,""fig"":[""fig001"",""fig019"",""fig015""]}]",,Mission 2,,[],"[{""clue"":2,""fig"":[""fig031""]},{""clue"":3,""fig"":[""fig030""]}]",,,,,0.0,,1.0,,423799:36:11,"[""Equal Sides marker tool"",""Parallel Lines tool""]",,,,200.0,0.0,,,passed,policesquad,,2018-5-7 13:6:11,stage_end,en,6a0glboj82vsco8n6chy1ujlx6nfp2t4,1260037
,,,,,,,,,,,,"[u'fig002', [u'fig007', u'fig005', u'fig004', u'fig002', u'fig003', u'fig006', None, None], [u'Does the culprit have at least 1 obtuse angle(s)?', u'Does the culprit have exactly 1 right angle(s)?', u'Does the culprit have at least 1 equal pairs of sides ?'], [u'No', u'No', u'Yes']]",[],,Mission 2,,[],"[{""clue"":1,""fig"":[""fig007"",""fig005"",""fig006""]},{""clue"":2,""fig"":[""fig003""]},{""clue"":3,""fig"":[""fig004""]}]",,,,,0.0,,2.0,,1:21:9,"[""Equal Sides marker tool"",""right angle tool"",""Equal Sides marker tool""]",,,,450.0,1.0,,,passed,policesquad,,2018-5-7 14:32:8,stage_end,en,6a0glboj82vsco8n6chy1ujlx6nfp2t4,1260037
,,,,,,,,,,,,"[u'fig016', [u'fig028', u'fig024', u'fig008', u'fig016', u'fig022', u'fig011', u'fig026', u'fig010'], [u'Does the culprit have at least 1 equal pairs of sides ?', u'Does the culprit have at least 1 reflex angle(s)?', u'Does the culprit have more than 1 equal pairs of sides ?'], [u'Yes', u'No', u'No']]",[],,Mission 2,,[],"[{""clue"":1,""fig"":[""fig028"",""fig024"",""fig008"",""fig011"",""fig026""]},{""clue"":2,""fig"":[""fig010""]},{""clue"":3,""fig"":[""fig022""]}]",,,,,0.0,,3.0,,0:2:27,"[""Equal Sides marker tool""]",,,,560.0,1.0,,,passed,policesquad,,2018-5-7 14:34:43,stage_end,en,6a0glboj82vsco8n6chy1ujlx6nfp2t4,1260037
,,,,,,,,,,,,"[u'fig048', [u'fig001', u'fig015', u'fig048', u'fig030', u'fig031', u'fig019', None, None], [u'Does the culprit have at least 1 reflex angle(s)?', u'Does the culprit have at least 1 parallel pairs of sides?', u'Does the culprit have at least 2 equal pairs of sides ?', u'Does the culprit have at least 4  straight sides?'], [u'No', u'Yes', u'Yes', u'Yes']]","[{""clue"":1,""fig"":[""fig001"",""fig048""]},{""clue"":2,""fig"":[""fig015"",""fig031""]}]",,Mission 2,,"[""straight sides""]","[{""clue"":4,""fig"":[""fig030""]}]",,,,,0.0,,1.0,,423801:37:21,"[""Equal Sides marker tool""]",,,,120.0,0.0,,,failed,policesquad,,2018-5-7 15:7:21,stage_end,en,6a0glboj82vsco8n6chy1ujlx6nfp2t4,1260037
,,,,,,,,,,,,"[u'fig015', [u'fig001', u'fig030', u'fig031', u'fig015', u'fig048', u'fig019', None, None], [u'Does the culprit have at least 1 reflex angle(s)?', u'Does the culprit have at least 4  straight sides?', u'Does the culprit have at least 4  straight sides?'], [u'Yes', u'Yes', u'Yes']]","[{""clue"":1,""fig"":[""fig030"",""fig031"",""fig048""]}]",,Mission 2,,[],"[{""clue"":2,""fig"":[""fig001""]},{""clue"":3,""fig"":[""fig019""]}]",,,,,0.0,,1.0,,423801:42:57,[],,,,200.0,0.0,,,passed,policesquad,,2018-5-7 15:12:57,stage_end,en,6a0glboj82vsco8n6chy1ujlx6nfp2t4,1260037
,,,,,,,,,,,,"[u'exactly2equalpairsofsides', [u'fig031', u'fig012', u'fig033', u'fig017', None, None, None, None], [u'The culprit has atleast 5 straight sides', u'The culprit has exactly 2 equal pairs of sides '], [u'Incorrect', u'Incorrect']]",,,Mission 1,False,,,"[0, 0, 0, 0]","[1, 0, 0, 0]",,,1.0,4.0,1.0,True,2,,stage_end,"[0, 0, 0, 0]",10.0,10.0,0.0,0.0,failed,,policesquad,,2018-6-14 14:2:46,,en,de7nqsuzrtf3dl75y70g80dt94sp6w4z,1260076
,,,,,,,,,,,,"[u'exactly5emptysides', [u'fig030', u'fig011', u'fig015', u'fig020', None, None, None, None], [u'The culprit has exactly 5 straight sides', u'The culprit has more than 1 equal pairs of sides ', u'The culprit has exactly 2 equal pairs of sides '], [u'Correct', u'Correct', u'Incorrect']]",,,Mission 1,False,,,"[0, 0, 0, 0]","[1, 0, 0, 0]",,,0.0,1.0,1.0,True,1,,stage_end,"[0, 0, 0, 0]",30.0,30.0,0.0,0.0,passed,,policesquad,1260100,2018-5-10 9:1:5,,en,lepxxofe3jjbxt693w5adpyn4qtc8a37,1260028
False,"[0, 0, 0, 0]","[1, 0, 0, 0]",2.0,True,"[0, 0, 0, 0]",30.0,0.0,2.0,1.0,1.0,1.0,,,,,,,,,,,,,,,,,,,,,,,,,,policesquad,1260100,2018-5-10 9:2:10,,en,lepxxofe3jjbxt693w5adpyn4qtc8a37,1260028
,,,,,,,,,,,,"[u'fig001', [u'fig019', u'fig031', u'fig030', u'fig048', u'fig001', u'fig015', None, None], [u'Does the culprit have more than 2 equal pairs of sides ?', u'Does the culprit have less than 2 parallel pairs of sides?', u'Does the culprit have at least 1 equal pairs of sides ?', u'Does the culprit have at least 1 equal angle(s)?', u'Does the culprit have at least 1 equal side?'], [u'Yes', u'Yes', u'Yes', u""I don't understand"", u""I don't understand""]]","[{""clue"":4,""fig"":[""fig031""]},{""clue"":5,""fig"":[""fig030""]}]",,Mission 2,,[],[],,,,,0.0,,1.0,,423785:48:39,[],,,,40.0,0.0,,,failed,policesquad,1260873,2018-5-6 23:18:39,stage_end,en,i3smdy20pjkj54bwpobk9cokmctvso3s,1260001
